is_synthetic,stage,model,metric,value
TRUE,hospital_test_demo,NM,AUROC,0.61874257033417
TRUE,hospital_test_demo,NM,average_precision,0.498933346047017
TRUE,hospital_test_demo,NM,Brier,0.227079060459928
TRUE,hospital_test_demo,TB,AUROC,0.649015873015873
TRUE,hospital_test_demo,TB,average_precision,0.588627561549197
TRUE,hospital_test_demo,TB,Brier,0.22749986050999
TRUE,hospital_test_demo,TC,AUROC,0.708082364476818
TRUE,hospital_test_demo,TC,average_precision,0.558307220193236
TRUE,hospital_test_demo,TC,Brier,0.202095997310926
TRUE,survey_association_demo,clinical_components,HR_Age,1.02507491798083
TRUE,survey_association_demo,clinical_components,HR_Sex1,0.983229598342135
TRUE,survey_association_demo,clinical_components,HR_NM,18.1112217770741
TRUE,survey_association_demo,clinical_components,HR_TB,2.1409739068682
TRUE,survey_association_demo,clinical_components,HR_TC,3.89238424698666
TRUE,temporal_validation_demo,base,Uno_C10,0.619980543899477
TRUE,temporal_validation_demo,base,AUC10,0.680448643044302
TRUE,temporal_validation_demo,base,IBS_1to10,0.206110238851825
TRUE,temporal_validation_demo,aug,Uno_C10,0.656343097251659
TRUE,temporal_validation_demo,aug,AUC10,0.768392081261728
TRUE,temporal_validation_demo,aug,IBS_1to10,0.195095705326553
