is_synthetic,synthetic_id,split,lab_alb,lab_a_ratio_g,lab_glob,lab_tp,lab_hgb,lab_hct,Outcome_NutriMetab,Outcome_TumorBurden,Outcome_TreatComp
TRUE,DEMO_H_0001,train,46.8053993517901,1.57543202506327,22.695071777288,70.0171415656438,137.907569158852,39.6014727931208,1,1,0
TRUE,DEMO_H_0002,train,44.0635735264987,1.22187881601572,32.4019033159711,71.5039132026982,122.818257743194,48.5186292737131,1,0,1
TRUE,DEMO_H_0003,train,42.2639524729203,1.61080814423242,29.0165408508084,71.669593260927,129.654241249947,,1,0,1
TRUE,DEMO_H_0004,train,44.7719081912181,1.81321480491345,33.7782979784577,,113.086585836081,45.7605505815567,1,0,1
TRUE,DEMO_H_0005,train,49.5206590814292,1.51579309965685,31.1171196989873,70.9504360212264,115.402328898329,44.838125636684,0,1,1
TRUE,DEMO_H_0006,train,41.3591375994455,1.94282903532326,27.0890281761949,67.7308368995762,149.092288340422,42.8173070775999,0,1,0
TRUE,DEMO_H_0007,train,41.1373676635225,1.49139396124101,26.2107470601225,67.0594731133191,155.151672789117,45.6539846576442,1,0,0
TRUE,DEMO_H_0008,train,45.3183721290058,1.62988583399062,32.1918413571785,74.737008457424,120.279930152363,,0,1,1
TRUE,DEMO_H_0009,train,46.5964955757255,1.25342566748356,27.8606584046478,73.2457561796624,164.910205971635,34.7913226915738,1,1,0
TRUE,DEMO_H_0010,train,,1.49861856722452,26.4684348227974,57.473600391919,125.435222903066,27.5027443447285,0,0,0
TRUE,DEMO_H_0011,train,35.5651637532729,1.05236126103666,18.1666667290587,69.8436937962588,,36.7322831324481,1,0,1
TRUE,DEMO_H_0012,train,39.8532300341155,1.60666623695237,29.6683856156596,71.1842404051925,,,1,0,1
